{"roc_auc": [0.9083523123732798, 0.9083557090546547, 0.9193656047991811, 0.9186867452514395, 0.9196024984955283, 0.9198059418326062, 0.9187228573376341, 0.9173480952443759, 0.9034613494208638, 0.9189391325821279, 0.9222806725095414, 0.9189333324010668, 0.918914263312647, 0.919111548923256, 0.9194851044199447, 0.9085771289802949, 0.9194165550198025, 0.9215383287882691, 0.9171597085416962, 0.911869705050464, 0.9063946718106592, 0.9191500645091369, 0.9087335153689703, 0.9188560628656995, 0.9191016171063707, 0.917643010614967, 0.9214033951240659, 0.919818336740079], "pr_auc": [0.43216118368070444, 0.45431809256660033, 0.4732696354708395, 0.4834737336371966, 0.47517363038749766, 0.48199953405927826, 0.4889150380396871, 0.4704466547445155, 0.45460144451356227, 0.469099840898349, 0.4919671218763188, 0.49305971306333485, 0.4943259486164899, 0.4871463141585692, 0.4918716988949242, 0.46347256550960536, 0.48790157114531024, 0.5037847944674738, 0.4895326755828824, 0.4618852576270758, 0.46153454662634685, 0.49934976802473, 0.4635412428534644, 0.4955567048587439, 0.49311001083761175, 0.49266369389788633, 0.4948769597412257, 0.4979164699694218]}